"label","round","elapsedMs","phase","treeCount","privateMB","workingSetMB","handles","cpuMs"
"new-wpf-release","9","262","cold","1","93.8","158.8","1703","828"
"new-wpf-release","9","912","cold","1","94.7","160.1","1703","828"
"new-wpf-release","9","1566","cold","1","94.7","160.1","1703","828"
"new-wpf-release","9","2208","cold","1","94.8","160.1","1703","828"
"new-wpf-release","9","2859","cold","1","94.8","160.1","1703","828"
"new-wpf-release","9","3497","cold","1","93.5","160.1","1703","828"
"new-wpf-release","9","4169","cold","1","93.5","160.1","1703","828"
"new-wpf-release","9","4819","cold","1","93.6","160.1","1704","828"
"new-wpf-release","9","5484","cold","1","93.6","160.3","1704","828"
"new-wpf-release","9","6131","cold","1","93.4","160.1","1704","828"
"new-wpf-release","9","6783","cold","1","93.4","160.1","1704","828"
"new-wpf-release","9","7437","cold","1","93.4","160.1","1704","828"
"new-wpf-release","9","8094","cold","1","93.4","160.1","1704","828"
"new-wpf-release","9","8734","cold","1","93.4","160.1","1704","828"
"new-wpf-release","9","9387","cold","1","93.3","160.1","1701","828"
"new-wpf-release","9","10034","cold","1","93.3","160.1","1701","828"
"new-wpf-release","9","10696","cold","1","93.3","160.1","1701","828"
"new-wpf-release","9","11351","cold","1","93.3","160.1","1701","828"
"new-wpf-release","9","11989","cold","1","93.3","160.1","1701","828"
"new-wpf-release","9","12635","cold","1","93.3","160.1","1701","828"
"new-wpf-release","9","13279","cold","1","93.3","160.1","1701","828"
"new-wpf-release","9","13941","cold","1","93.3","160.1","1701","828"
"new-wpf-release","9","14584","cold","1","93.3","160.1","1701","828"
"new-wpf-release","9","15248","cold","1","93.3","160.1","1701","828"
"new-wpf-release","9","15901","cold","1","93.3","160.1","1701","828"
"new-wpf-release","9","16540","cold","1","93.3","160.1","1701","828"
"new-wpf-release","9","17173","cold","1","93.3","160.1","1701","828"
"new-wpf-release","9","17823","cold","1","93.3","160.1","1701","828"
"new-wpf-release","9","18473","cold","1","93.3","160.1","1701","828"
"new-wpf-release","9","19128","cold","1","93.3","160.1","1701","828"
"new-wpf-release","9","19788","cold","1","93.3","160.1","1701","828"
"new-wpf-release","9","20424","cold","1","93.4","160.1","1704","828"
"new-wpf-release","9","21080","cold","1","93.4","160.1","1704","828"
"new-wpf-release","9","21758","cold","1","93.4","160.1","1704","828"
"new-wpf-release","9","22432","cold","1","93.2","160.1","1704","828"
"new-wpf-release","9","23076","cold","1","93.2","160.1","1704","828"
"new-wpf-release","9","23732","cold","1","93.2","160.1","1704","828"
"new-wpf-release","9","24393","cold","1","93.2","160.1","1704","828"
"new-wpf-release","9","25033","cold","1","93.2","160.1","1704","828"
"new-wpf-release","9","25682","cold","1","93.2","160.1","1704","828"
"new-wpf-release","9","26333","cold","1","93.2","160.1","1701","828"
"new-wpf-release","9","26977","cold","1","93.2","160.1","1701","828"
"new-wpf-release","9","27623","cold","1","93.2","160.1","1701","828"
"new-wpf-release","9","28266","cold","1","93.2","160.1","1701","828"
"new-wpf-release","9","28913","cold","1","93.2","160.1","1701","828"
"new-wpf-release","9","29561","cold","1","93.2","160.1","1700","828"
"new-wpf-release","9","30218","cold","1","93.2","160.1","1700","828"
"new-wpf-release","9","30855","cold","1","93.2","160.1","1700","828"
"new-wpf-release","9","31515","cold","1","93.2","160.1","1700","828"
"new-wpf-release","9","32151","cold","1","93.2","160.1","1700","828"
"new-wpf-release","9","32807","cold","1","93.2","160.1","1700","828"
"new-wpf-release","9","33461","cold","1","93.2","160.1","1700","828"
"new-wpf-release","9","34114","cold","1","93.2","160.1","1700","828"
"new-wpf-release","9","34770","cold","1","93.2","160.1","1700","828"
"new-wpf-release","9","35432","idle","1","93.2","160.1","1700","828"
"new-wpf-release","9","36079","idle","1","93.2","160.1","1700","828"
"new-wpf-release","9","36750","idle","1","93.2","160.1","1700","828"
"new-wpf-release","9","37388","idle","1","93.2","160.1","1700","828"
"new-wpf-release","9","38034","idle","1","93.2","160.1","1700","828"
"new-wpf-release","9","38685","idle","1","93.2","160.1","1700","828"
"new-wpf-release","9","39330","idle","1","93.2","160.1","1700","828"
"new-wpf-release","9","39994","idle","1","93.2","160.1","1700","828"
"new-wpf-release","9","40661","idle","1","93.2","160.1","1700","828"
"new-wpf-release","9","41320","idle","1","93.2","160.1","1700","828"
"new-wpf-release","9","41976","idle","1","93.2","160.1","1700","828"
"new-wpf-release","9","42627","idle","1","93.2","160.1","1700","828"
"new-wpf-release","9","43282","idle","1","93.2","160.1","1700","828"
"new-wpf-release","9","43928","idle","1","93.2","160.1","1700","828"
"new-wpf-release","9","44580","idle","1","93.2","160.1","1700","828"
"new-wpf-release","9","45226","idle","1","93.2","160.1","1700","828"
"new-wpf-release","9","45865","idle","1","93.2","160.1","1700","828"
"new-wpf-release","9","46514","idle","1","93.2","160.1","1700","828"
"new-wpf-release","9","47180","idle","1","93.2","160.1","1700","828"
"new-wpf-release","9","47841","idle","1","93.2","160.1","1700","828"
"new-wpf-release","9","48490","idle","1","93.2","160.1","1700","828"
"new-wpf-release","9","49163","idle","1","93.2","160.1","1700","828"
"new-wpf-release","9","49810","idle","1","93.2","160.1","1700","828"
"new-wpf-release","9","50466","idle","1","93.2","160.1","1700","828"
"new-wpf-release","9","51115","idle","1","93.2","160.1","1700","828"
"new-wpf-release","9","51773","idle","1","93.2","160.1","1700","828"
"new-wpf-release","9","52431","idle","1","93.2","160.1","1700","828"
"new-wpf-release","9","53076","idle","1","93.2","160.1","1700","828"
"new-wpf-release","9","53724","idle","1","93.2","160.1","1700","828"
"new-wpf-release","9","54387","idle","1","93.2","160.1","1700","828"
"new-wpf-release","9","55035","idle","1","93.2","160.1","1700","828"
"new-wpf-release","9","55693","idle","1","93.2","160.1","1700","828"
"new-wpf-release","9","56332","idle","1","93.2","160.1","1700","828"
"new-wpf-release","9","56984","idle","1","93.2","160.1","1700","828"
"new-wpf-release","9","57651","idle","1","93.2","160.1","1700","828"
"new-wpf-release","9","58305","idle","1","93.2","160.1","1700","828"
"new-wpf-release","9","58942","idle","1","93.2","160.1","1700","828"
"new-wpf-release","9","59592","idle","1","93","160","1692","828"
"new-wpf-release","9","60244","summon","1","93","160","1692","828"
"new-wpf-release","9","61006","summon","1","108.2","176.2","1695","1188"
"new-wpf-release","9","61662","summon","1","110.1","180.4","1695","1656"
"new-wpf-release","9","62310","summon","1","110.1","180.4","1695","1656"
"new-wpf-release","9","62969","summon","1","110.1","180.4","1695","1656"
"new-wpf-release","9","63623","summon","1","110.1","180.4","1695","1656"
"new-wpf-release","9","64264","summon","1","110.1","180.4","1695","1656"
"new-wpf-release","9","64924","summon","1","110.1","180.4","1695","1656"
"new-wpf-release","9","65586","summon","1","110","180.4","1692","1656"
"new-wpf-release","9","66229","summon","1","110","180.4","1692","1656"
"new-wpf-release","9","66991","summon","1","102.6","174.5","1695","1656"
"new-wpf-release","9","67648","summon","1","102.6","174.5","1695","1656"
"new-wpf-release","9","68306","summon","1","102.6","174.5","1695","1656"
"new-wpf-release","9","68962","summon","1","102.6","174.5","1695","1656"
"new-wpf-release","9","69603","summon","1","102.6","174.5","1695","1656"
"new-wpf-release","9","70258","summon","1","102.6","174.5","1695","1656"
"new-wpf-release","9","70915","summon","1","102.5","174.4","1692","1656"
"new-wpf-release","9","71559","summon","1","102.5","174.4","1692","1656"
"new-wpf-release","9","72240","summon","1","102.5","174.4","1692","1656"
"new-wpf-release","9","72984","summon","1","104.3","176.9","1695","2172"
"new-wpf-release","9","73649","summon","1","108.6","182","1695","2625"
"new-wpf-release","9","74300","summon","1","108.6","182","1695","2625"
"new-wpf-release","9","74947","summon","1","108.6","182","1695","2625"
"new-wpf-release","9","75594","summon","1","108.4","182","1695","2625"
"new-wpf-release","9","76237","summon","1","108.4","182","1695","2625"
"new-wpf-release","9","76907","summon","1","108.4","182","1695","2625"
"new-wpf-release","9","77563","summon","1","108.3","182","1692","2625"
"new-wpf-release","9","78216","summon","1","108.3","182","1692","2625"
"new-wpf-release","9","78969","summon","1","101.9","176.1","1695","2641"
"new-wpf-release","9","79602","summon","1","101.9","176.1","1695","2641"
"new-wpf-release","9","80252","summon","1","101.9","176.1","1695","2641"
"new-wpf-release","9","80891","summon","1","101.9","176.1","1695","2641"
"new-wpf-release","9","81534","summon","1","101.9","176.1","1695","2641"
"new-wpf-release","9","82172","summon","1","101.9","176.1","1695","2656"
"new-wpf-release","9","82816","summon","1","101.8","176.1","1692","2656"
"new-wpf-release","9","83465","summon","1","101.8","176.1","1692","2656"
"new-wpf-release","9","84119","summon","1","101.8","176.1","1692","2656"
"new-wpf-release","9","84864","summon","1","103.3","177.5","1695","2906"
"new-wpf-release","9","85517","summon","1","103.3","177.5","1695","2906"
"new-wpf-release","9","86166","summon","1","103.3","177.5","1695","2906"
"new-wpf-release","9","86827","summon","1","103.3","177.5","1695","2906"
"new-wpf-release","9","87472","summon","1","102.8","177.5","1695","2906"
"new-wpf-release","9","88131","summon","1","102.8","177.5","1695","2922"
"new-wpf-release","9","88774","summon","1","102.8","177.5","1692","2922"
"new-wpf-release","9","89426","summon","1","102.8","177.5","1692","2922"
"new-wpf-release","9","90064","summon","1","102.8","177.5","1692","2922"
"new-wpf-release","9","90798","summon","1","102.8","177.5","1695","2953"
"new-wpf-release","9","91448","summon","1","102.8","177.5","1695","2953"
"new-wpf-release","9","92097","summon","1","102.8","177.5","1695","2953"
"new-wpf-release","9","92750","summon","1","102.8","177.5","1695","2953"
"new-wpf-release","9","93405","summon","1","102.8","177.5","1695","2953"
"new-wpf-release","9","94054","summon","1","102.8","177.5","1695","2953"
"new-wpf-release","9","94703","summon","1","102.8","177.5","1692","2953"
"new-wpf-release","9","95353","summon","1","102.8","177.5","1692","2953"
"new-wpf-release","9","95996","summon","1","102.8","177.5","1692","2953"
"new-wpf-release","9","96645","summon","1","102.8","177.5","1692","2953"
"new-wpf-release","9","97298","summon","1","102.8","177.5","1692","2953"
"new-wpf-release","9","97935","summon","1","102.8","177.5","1692","2953"
